use gam
GO
SET IDENTITY_INSERT Products ON 
INSERT INTO Products (id, name, description, stockDate, price, available, stock, suggestOnly, ddOrder, displayInSoldOut, parentProductId, frontLine, slug, metaTitle, metaDescription, saleCount, package, packageProducts, creationDate, publishedDate, published, publisher, externalId, discountPrice, appliedDiscount, discountId, shopId, ShortDescription, Validated, ValidatedDate, PreOrder, PreOrderPrice, EndPublishedDate) values
( '1', 'Huawei Nova 7i', N'L’appareil photo AI quadruple de 48 Mpx du HUAWEI Nova 7i vous offre toute une panoplie de fonctions qui vous permettent de réussir chacun des clichés que vous réalisez.                                                                                              
Batterie longue durée,ultra rapidement chargée.                                                       
Le design du HUAWEI nova 7i met l`accent sur l`essentiel. 
Doté d`un corps en design incurvé, il est aussi agréable à l`œil qu`au toucher.                                
HUAWEI AppGallery est la plateforme officielle de distribution d’applications de Huawei pour rechercher, télécharger, gérer et partager des applications mobiles. 
Elle continue à développer l’écosystème mondial des applications pour vous offrir des expériences sécurisées, sélectionnées et diversifiées.
Faites-vous plaisir grâce au contenu exclusif de l’application, aux activités locales et aux offres spéciales.', '2021-03-13', '', 1, '2023', 'false', '0', '', null, 'false', 'huawei-nova-7i', '', 'Téléphone portable-mobile-device-Smartphone', '0', 'false', '', '2021-04-13', '2021-04-13', 1, '0', 1, '', '', null, 11, 'ShortDescription', 1, '2031-03-14', 0, 0, '2031-03-13'),
( '2', 'Huawei Nova 5T', N'Les couleurs éblouissantes, les textures étonnantes et la conception générale du HUAWEI nova 5T en font une véritable œuvre d`art technologique.
Ses finitions haut de gamme accentuent contrastes, ombres et lumières pour un effet 3D extraordinaire et une prise en main unique.
Le HUAWEI nova 5T embarque 4 caméras dotées d`Intelligence Artificielle, qui répondent à vos scénarios photographiques préférés.                                     
  La batterie embarque la technologie HUAWEI SuperCharge 22.5 W.', '2021-03-13', '', 1, '5063', 'false', '0', '', null, 'false', 'huawei-nova-5t', '', 'Téléphone portable-mobile-device-Smartphone', '0', 'false', '', '2021-04-13', '2021-04-13', 1, '0', 1, '', '', null, 11, 'ShortDescription', 1, '2031-03-14', 0, 0, '2031-03-13'),
( '3', 'Huawei Y7P', N'Doté d`un écran Punch FullView délicat de 6.39 pouces4, le HUAWEI Y7p offre une vue plus large avec un rapport écran / corps de 90.15%5 pour une expérience totalement immersive.                                                                                      La caméra principale 48 MP, une caméra ultra grand angle 8 MP et une caméra de profondeur 2 MP présentent les détails les plus fins et vous permettent de voir plus loin, plus large et plus clair.                                                                                   Doté d`une batterie puissante de 4000 mAh, le HUAWEI Y7p peut durer 22 heures de lecture vidéo, 111 heures pour la lecture de musique ou 20 heures de navigation sur le Web.                                                                                                         La ROM de 64 Go avec un grand stockage extensible de 512 Go9 sur ce téléphone vous permet de conserver facilement des photos, des vidéos et des applications facilement. Et avec 4 Go de RAM, l`exécution simultanée de plusieurs applications et le chargement de vos jeux préférés se feront sans problèmes.                                                                                                                                    HUAWEI AppGallery est la plateforme officielle de distribution d’applications de Huawei pour rechercher, télécharger, gérer et partager des applications mobiles. Elle continue à développer l’écosystème mondial des applications pour vous offrir des expériences sécurisées, sélectionnées et diversifiées. Faites-vous plaisir grâce au contenu exclusif de l’application, aux activités locales et aux offres spéciales.', '2021-03-13', '', 1, '3059', 'false', '0', '', null, 'false', 'huawei-y7p', '', 'Téléphone portable-mobile-device-Smartphone', '0', 'false', '', '2021-04-13', '2021-04-13', 1, '0', 1, '', '', null, 11, 'ShortDescription', 1, '2031-03-14', 0, 0, '2031-03-13'),
( '4', 'Huawei P40 Pro', N'Révolutionnez votre expérience de la vitesse et de la puissance avec le chipset Kirin 990 5G à la pointe de la technologie. Le design innovant améliore votre divertissement visuel et votre confort ergonomique. Explorez le présent et l`avenir avec HUAWEI P40 Pro.                                                                                              Grâce à l`appareil photo principal Ultra Vision et à l`algorithme d`IA évolué, le HUAWEI P40 Pro est capable d`analyser et de segmenter avec précision les environnements et les personnes. Grâce à l`amélioration du niveau des pixels, il restaure l`aspect d`origine avec un excellent éclairage, des couleurs naturelles et des détails nets.5 Soyez toujours prêt à prendre des photos de portraits de haute qualité de n`importe qui, à tout moment et sur toute scène.', '2021-03-13', '', 1, '6399', 'false', '0', '', null, 'false', 'huawei-p40-pro', '', 'Téléphone portable-mobile-device-Smartphone', '0', 'false', '', '2021-04-13', '2021-04-13', 1, '0', 1, '', '', null, 11, 'ShortDescription', 1, '2031-03-14', 0, 0, '2031-03-13'),
( '5', 'Huawei Mate 30 Pro 5G', N'le Kirin 990 5G a réalisé des performances significatives avec une consommation d`énergie réduite.                                                                                                            Prenez la nouvelle caméra Cine SuperSensing pour découvrir la pureté de la nature, l`art exquis et l`émotion à l`intérieur de chaque histoire. Toute la beauté et les faits peuvent être reflétés et préservés dans des images époustouflantes et des vidéos vives, quels que soient l`heure et la position.', '2021-03-13', '', 1, '2504', 'false', '0', '', null, 'false', 'huawei-mate-30-pro-5g', '', 'Téléphone portable-mobile-device-Smartphone', '0', 'false', '', '2021-04-13', '2021-04-13', 1, '0', 1, '', '', null, 11, 'ShortDescription', 1, '2031-03-14', 0, 0, '2031-03-13'),
( '6', 'Huawei Nova 7 5G', N'Le tout nouveau processeur 7 nm Kirin 985 comporte un CPU octo-core dernier cri. Ce processeur fonctionne tous en synergie pour vous faire bénéficier de l`intelligence à un niveau supérieur, pour des performances jamais atteintes auparavant.                                                                                                                Capturez des images incroyables grâce aux quatre appareils photo 64 MP très puissants, ainsi qu`au traitement d`images et à l`IA nouvelle génération du chipset Kirin 985.', '2021-03-13', '', 1, '9718', 'false', '0', '', null, 'false', 'huawei-nova-7-5g', '', 'Téléphone portable-mobile-device-Smartphone', '0', 'false', '', '2021-04-13', '2021-04-13', 1, '0', 1, '', '', null, 11, 'ShortDescription', 1, '2031-03-14', 0, 0, '2031-03-13'),
( '7', 'Huawei Y8s', N'L`écran FHD+ 6,5 pouces du HUAWEI Y8s est un écran FullView à encoche disposant d`une haute résolution, pour une expérience de visionnage de films ultra nette et des couleurs d`une qualité impressionnante. Que vous jouiez à des jeux, partagiez des photos ou regardiez un film, l`écran FHD+ affiche des images parfaitement nettes même en cas de luminosité importante.                                  Équipé de deux appareils photo IA, dont un appareil photo ultra net de 48 MP et un appareil photo à détection de profondeur de 2 MP, le HUAWEI Y8s est capable de capturer les moments les plus importants de votre vie avec une clarté et des détails saisissants.', '2021-03-13', '', 1, '7260', 'false', '0', '', null, 'false', 'huawei-y8s', '', 'Téléphone portable-mobile-device-Smartphone', '0', 'false', '', '2021-04-13', '2021-04-13', 1, '0', 1, '', '', null, 11, 'ShortDescription', 1, '2031-03-14', 0, 0, '2031-03-13'),
( '8', 'Huawei Y8p', N'La mémoire RAM de 6 Go vous permet d`exécuter, très efficacement, plusieurs applications en même temps et de passer d`une application à l`autre de façon totalement fluide, tandis que la mémoire ROM de 128 Go vous permet de bénéficier d`une grande capacité de stockage pour toutes vos vidéos, photos et tous vos jeux préférés.                                                                                           Les trois appareils photo AI possèdent chacun leurs propres fonctions. L`objectif principal ultra-net 48 MP, l`objectif ultra grand angle 8 MP et l`objectif à détection de profondeur 2 MP, vous aideront à explorer les mystères de la nature ou à capturer les plus beaux moments de votre vie de tous les jours d`un simple geste.', '2021-03-13', '', 1, '9532', 'false', '0', '', null, 'false', 'huawei-y8p', '', 'Téléphone portable-mobile-device-Smartphone', '0', 'false', '', '2021-04-13', '2021-04-13', 1, '0', 1, '', '', null, 11, 'ShortDescription', 1, '2031-03-14', 0, 0, '2031-03-13'),
( '9', 'Huawei Y6p', N'Une incroyable batterie de 5000 mAh est incorporée au HUAWEI Y6p, et sera en mesure de tenir plusieurs jours sans être chargée. Sauvez également vos amis en leur donnant quelques pourcents grâce à la charge inversée.
Le HUAWEI Y6p est équipé d`une triple caméra. Jouissez ainsi d`un capteur principal de 13 MP, d`un objectif Ultra Grand Angle de 5 MP et d`un objectif de profondeur de champ de 2 MP. Pour des images brillantes, à tous les coups.', '2021-03-13', '', 1, '4440', 'false', '0', '', null, 'false', 'huawei-y6p', '', 'Téléphone portable-mobile-device-Smartphone', '0', 'false', '', '2021-04-13', '2021-04-13', 1, '0', 1, '', '', null, 11, 'ShortDescription', 1, '2031-03-14', 0, 0, '2031-03-13'),
( '10', 'Huawei Y9a', N'HUAWEI Y9a est conçu pour une charge plus rapide et une autonomie de batterie prolongée. Grâce au chargeur HUAWEI SuperCharge 40 W.
L`écran HUAWEI Ultra FullView vous permet d`en voir plus sur l`écran du téléphone. Le ratio corps-écran atteint un taux remarquable de 92% car il est conçu avec un cadre super étroit et une caméra frontale cachée.
La technologie EIS (stabilisation d`image électronique) est capable de compenser les tremblements au niveau de l`appareil photo pour des vidéos prises à la main parfaitement stables.', '2021-03-13', '', 1, '2725', 'false', '0', '', null, 'false', 'huawei-y9a', '', 'Téléphone portable-mobile-device-Smartphone', '0', 'false', '', '2021-04-13', '2021-04-13', 1, '0', 1, '', '', null, 11, 'ShortDescription', 1, '2031-03-14', 0, 0, '2031-03-13'),
( '11', 'Huawei Y7a', N'Ecran 6.67" 
RAM 4 Go 
ROM 128 Go  
Batterie 5000 mAh
48MP+8MP+2MP+2MP/8MP  
Huawei Mobile Services (HMS)
Dual SIM', '2021-03-13', '', 1, '9559', 'false', '0', '', null, 'false', 'huawei-y7a', '', 'Téléphone portable-mobile-device-Smartphone', '0', 'false', '', '2021-04-13', '2021-04-13', 1, '0', 1, '', '', null, 11, 'ShortDescription', 1, '2031-03-14', 0, 0, '2031-03-13'),
( '12', 'Huawei MateBook-D15', N'Ecran 15.6" / 1920 x 1080, 250nits
RAM 8 Go 
ROM 256 Go
Radeon Vega 8 Graphics
Batterie 42 Wh 
Empreinte digitale
Taux d’occupation de l’écran : 87%', '2021-03-13', '7599', 1, '2880', 'false', '0', '', null, 'false', 'huawei-matebook-d15', '', '---', '0', 'false', '', '2021-04-13', '2021-04-13', 1, '0', 1, '', '', null, 11, 'ShortDescription', 1, '2031-03-14', 0, 0, '2031-03-13'),
( '13', 'Huawei MateBook X Pro 2020', N'Ecran 13.9" / 3000 x 2000, 260ppi, 450nits
RAM 16 Go 
ROM 512 Go
NVIDIA GeForce MX250 Intel UHD Graphics 620
Batterie 56 Wh 
Empreinte digitale
Taux d’occupation de l’écran : 91%', '2021-03-13', '19599', 1, '9190', 'false', '0', '', null, 'false', 'huawei-matebook-x-pro-2020', '', '---', '0', 'false', '', '2021-04-13', '2021-04-13', 1, '0', 1, '', '', null, 11, 'ShortDescription', 1, '2031-03-14', 0, 0, '2031-03-13'),
( '14', 'HUAWEI FreeBuds 3 Ceramic White', N'Le design et le poids plume des HUAWEI FreeBuds 3, leurs assurent un confort et un maintien sans égal tout en délivrant un son de haute qualité parfaitement détaillé.                                                                                                 Grâce au processeur Kirin A1, les HUAWEI FreeBuds 3 peuvent éliminer les bruits en arrière plan et améliorer la qualité de votre voix. Discutez comme si vous étiez en face à face.                                                                                          Les contrôles des HUAWEI FreeBuds 3 ont été conçus pour être utilisés de manière intuitive. Tapotez 2 fois sur l`écouteur droit pour lancer / changer la musique. Tapotez 2 fois sur l`écouteur gauche pour activer / désactiver la fonctionnalité réduction de bruit active. Le contenu s`arrêtera quand vous retirerez vos écouteurs, et reprendra lorsque vous les remettrez.', '2021-03-13', '1990', 1, '8107', 'false', '0', '', null, 'false', 'huawei-freebuds-3-ceramic-white', '', '---', '0', 'false', '', '2021-04-13', '2021-04-13', 1, '0', 1, '', '', null, 11, 'ShortDescription', 1, '2031-03-14', 0, 0, '2031-03-13'),
( '15', 'Huawei WATCH GT2 Sport', N'Le Kirin A1 est un concentré du savoir-faire HUAWEI. Premier processeur spécifiquement développé pour les wearables, il atteint de nouveaux sommets de performances et d`efficience énergétique.
L`architecture novatrice dualcore ainsi que l`algorithme intelligent d`efficience énergétique offrent à la HUAWEI WATCH GT 2 des performances époustouflantes tout en assurant une consommation d`énergie minimale. Pour une autonomie hors du commun.', '2021-03-13', '2499', 1, '9784', 'false', '0', '', null, 'false', 'huawei-watch-gt2-sport', '', '---', '0', 'false', '', '2021-04-13', '2021-04-13', 1, '0', 1, '', '', null, 11, 'ShortDescription', 1, '2031-03-14', 0, 0, '2031-03-13'),
( '16', 'Huawei WATCH GT2 Classic (LTN-B19V)', N'Le Kirin A1 est un concentré du savoir-faire HUAWEI. Premier processeur spécifiquement développé pour les wearables, il atteint de nouveaux sommets de performances et d`efficience énergétique.
L`architecture novatrice dualcore ainsi que l`algorithme intelligent d`efficience énergétique offrent à la HUAWEI WATCH GT 2 des performances époustouflantes tout en assurant une consommation d`énergie minimale. Pour une autonomie hors du commun.', '2021-03-13', '2799', 1, '8383', 'false', '0', '', null, 'false', 'huawei-watch-gt2-classic-(ltn-b19v)', '', '---', '0', 'false', '', '2021-04-13', '2021-04-13', 1, '0', 1, '', '', null, 11, 'ShortDescription', 1, '2031-03-14', 0, 0, '2031-03-13'),
( '17', 'Huawei WATCH GT Sport', N'La HUAWEI WATCH GT jouit d`un design avant gardiste, avec sa lunette en céramique et son boitier en acier inoxydable. Son écran AMOLED tactile de 1.39" vous apportera quant à lui toutes les informations dont vous avez besoin, à tout moment de la journée.                           
La technologie HUAWEI TruSeen™ 3.0 permet un suivi régulier et permanent de votre rythme cardiaque. Obtenez des données d`une précision sans égal grâce à des capteurs innovants et à un algorithme d`apprentissage.', '2021-03-13', '1599', 1, '2366', 'false', '0', '', null, 'false', 'huawei-watch-gt-sport', '', '---', '0', 'false', '', '2021-04-13', '2021-04-13', 1, '0', 1, '', '', null, 11, 'ShortDescription', 1, '2031-03-14', 0, 0, '2031-03-13'),
( '18', 'HUAWEI Band 4', N'Avec le HUAWEI Band 4, vous n`aurez plus besoin de câbles. Grâce à la prise USB intégrée, vous pourrez le recharger n`importe où et n`importe quand.
Une seule recharge vous assure plus de 6 jours d`utilisation.                                                                                       HUAWEI Band 4 prend en charge la mesure unique du niveau de SpO2, vous aidant à détecter le niveau d`oxygène dans le sang ainsi que le rythme cardiaque à n’importe quel moment.', '2021-03-13', '349', 1, '3514', 'false', '0', '', null, 'false', 'huawei-band-4', '', '---', '0', 'false', '', '2021-04-13', '2021-04-13', 1, '0', 1, '', '', null, 11, 'ShortDescription', 1, '2031-03-14', 0, 0, '2031-03-13'),
( '19', 'HUAWEI FreeBuds Lite', N'Couleurs : White, Black', '2021-03-13', '', 1, '4532', 'false', '0', '', null, 'false', 'huawei-freebuds-lite', '', '---', '0', 'false', '', '2021-04-13', '2021-04-13', 1, '0', 1, '', '', null, 11, 'ShortDescription', 1, '2031-03-14', 0, 0, '2031-03-13'),
( '20', 'HUAWEI Band 4e', N'Portant la bande écologique et légère à votre poignet, vous bénéficierez d`un suivi d`activité, d`une surveillance du sommeil et de fonctionnalités plus intelligentes pour vous faciliter la vie. 
En portant le bracelet sur votre chaussure avec la boucle, vous pouvez simplement appuyer sur le bouton pour collecter des statistiques précises de basket-ball ou de performance de course.                                                            
 HUAWEI Band 4e offre jusqu`à 2 semaines d`autonomie avec une utilisation régulière et 21 jours en mode veille.  Avec la fonction de résistance à l`eau jusqu`à 50 mètres, HUAWEI Band 4e est le compagnon que vous pouvez emmener pendant les entraînements de transpiration, le surf ou la natation.', '2021-03-13', '299', 1, '9412', 'false', '0', '', null, 'false', 'huawei-band-4e', '', '---', '0', 'false', '', '2021-04-13', '2021-04-13', 1, '0', 1, '', '', null, 11, 'ShortDescription', 1, '2031-03-14', 0, 0, '2031-03-13'),
( '21', 'HUAWEI Mini Speaker', N'Autonomie 4 heures 
Waterproof 
Poids  101 g 
Batterie  660 mAh 
Appel mains libres & connexion
Bluetooth   
Port Micro USB', '2021-03-13', '259', 1, '3551', 'false', '0', '', null, 'false', 'huawei-mini-speaker', '', '---', '0', 'false', '', '2021-04-13', '2021-04-13', 1, '0', 1, '', '', null, 11, 'ShortDescription', 1, '2031-03-14', 0, 0, '2031-03-13'),
( '22', 'HUAWEI HALF In-Ear Earphone', N'Type écouteurs intra-auriculaires
Méthode de transport du casque casque intra-auriculaire (dans l`oreille)
Microphone oui
Panneau de commande sur le cordon répondre à un appel / contrôler le volume / allumer / éteindre le microphone
Connecteur 3,5 mm', '2021-03-13', '29', 1, '8059', 'false', '0', '', null, 'false', 'huawei-half-in-ear-earphone', '', '---', '0', 'false', '', '2021-04-13', '2021-04-13', 1, '0', 1, '', '', null, 11, 'ShortDescription', 1, '2031-03-14', 0, 0, '2031-03-13'),
( '23', 'Huawei Sport Bluetooth Headphones Lite', N'Micro-USB 
Durée de chargement < 2h
Temps de lecture 11h 
Warerproof 
Compatibilité Android , Ios', '2021-03-13', '299', 1, '2770', 'false', '0', '', null, 'false', 'huawei-sport-bluetooth-headphones-lite', '', '---', '0', 'false', '', '2021-04-13', '2021-04-13', 1, '0', 1, '', '', null, 11, 'ShortDescription', 1, '2031-03-14', 0, 0, '2031-03-13'),
( '24', 'HUAWEI FreeLace', N'18 heures d`autonomie en une seule charge (120 mAh) 
5 minutes de charge pour 4 heures d`autonomie 
Poids 27g 
Port USB Type-C 
Bluetooth 5.0', '2021-03-13', '830', 1, '4305', 'false', '0', '', null, 'false', 'huawei-freelace', '', '---', '0', 'false', '', '2021-04-13', '2021-04-13', 1, '0', 1, '', '', null, 11, 'ShortDescription', 1, '2031-03-14', 0, 0, '2031-03-13'),
( '25', 'HUAWEI FreeBuds 3i', N'37 mAh (par écouteur)
410 mAh  (boitier de chargement)                    USB-C 
Réduction de bruit lors des appels
Bluetooth 5.0 
Poids 5.5 g (par écouteur)/51 g (boitier de chargement)', '2021-03-13', '', 1, '4007', 'false', '0', '', null, 'false', 'huawei-freebuds-3i', '', '---', '0', 'false', '', '2021-04-13', '2021-04-13', 1, '0', 1, '', '', null, 11, 'ShortDescription', 1, '2031-03-14', 0, 0, '2031-03-13'),
( '26', 'HUAWEI Watch GT 2e', N'Taille 53 x 46.8 x 10.8 mm 
Poids 43 g (sans le bracelet)
Materiel Métal + Plastique 
Ecran Amoled 1.39 pouces 
Mémoire 4Go 
Bluetooth 5.1 
14 jours avec un usage standard.
Compatible avec Android 4.4 ou supérieur
/ iOS 9.0 ou supérieur', '2021-03-13', '', 1, '9059', 'false', '0', '', null, 'false', 'huawei-watch-gt-2e', '', '---', '0', 'false', '', '2021-04-13', '2021-04-13', 1, '0', 1, '', '', null, 11, 'ShortDescription', 1, '2031-03-14', 0, 0, '2031-03-13'),
( '27', 'HUAWEI Watch FIT', N'Taille 46 x 30 x 10.7 (mm)
Poids 21 g (sans le bracelet)
Ecran Amoled 1.64  pouces 
Mémoire 4Go 
Bluetooth 5.0
10 jours avec un usage standard.
96 modes d`entraînement
Compatible avec Android 5.0 ou ultérieur
iOS 9.0 ou ultérieur', '2021-03-13', '', 1, '6179', 'false', '0', '', null, 'false', 'huawei-watch-fit', '', '---', '0', 'false', '', '2021-04-13', '2021-04-13', 1, '0', 1, '', '', null, 11, 'ShortDescription', 1, '2031-03-14', 0, 0, '2031-03-13'),
( '28', 'HUAWEI WATCH GT2 PRO Classic', N'Kirin A1
Poids : 51 g
Mémoire 4GB
1.39 pouce AMOLED
Bluetooth 5.1
14 jours avec un usage standard
Résistance à l’eau', '2021-03-13', '2999', 1, '9066', 'false', '0', '', null, 'false', 'huawei-watch-gt2-pro-classic', '', '---', '0', 'false', '', '2021-04-13', '2021-04-13', 1, '0', 1, '', '', null, 11, 'ShortDescription', 1, '2031-03-14', 0, 0, '2031-03-13'),
( '29', 'HUAWEI WATCH GT2 PRO Sport', N'Kirin A1
Poids : 51 g
Mémoire 4GB
1.39 pouce AMOLED
Bluetooth 5.1
14 jours avec un usage standard
Résistance à l’eau', '2021-03-13', '2699', 1, '9463', 'false', '0', '', null, 'false', 'huawei-watch-gt2-pro-sport', '', '---', '0', 'false', '', '2021-04-13', '2021-04-13', 1, '0', 1, '', '', null, 11, 'ShortDescription', 1, '2031-03-14', 0, 0, '2031-03-13'),
( '30', 'HUAWEI Tripod Selfie Stick Pro', N'Angle rotation 360°
Detachable remote control
Distance de contrôle: Jusqu`à 10m', '2021-03-13', '199', 1, '6467', 'false', '0', '', null, 'false', 'huawei-tripod-selfie-stick-pro', '', '---', '0', 'false', '', '2021-04-13', '2021-04-13', 1, '0', 1, '', '', null, 11, 'ShortDescription', 1, '2031-03-14', 0, 0, '2031-03-13'),
( '31', 'HUAWEI FreeBuds Pro', N'Bluetooth 5.2 
Poids ：Environ 6,1 g
Réduction de bruit active
Réduction de bruit lors des appels
Batterie : Par écouteur : 55 mAh*
Boitier de charge : 580 mAh*', '2021-03-13', '1799', 1, '8412', 'false', '0', '', null, 'false', 'huawei-freebuds-pro', '', '---', '0', 'false', '', '2021-04-13', '2021-04-13', 1, '0', 1, '', '', null, 11, 'ShortDescription', 1, '2031-03-14', 0, 0, '2031-03-13'),
( '32', 'Huawei Media Pad T3 10', N'Redécouvrez toutes vos vidéos grâce aux couleurs éclatantes et à la finesse de l`écran de la HUAWEI MediaPad T3 10``. Profitez de sa conception en métal anodisé qui vous procure une prise en main optimale.                                La batterie longue durée de la HUAWEI MediaPad T3 10`` (4800 mAh) vous permet d`utiliser sereinement votre tablette sans craindre de ne plus avoir de batterie. Profitez encore plus longtemps de toutes vos applications.          La HUAWEI MediaPad T3 10`` vous suit partout, de jour comme de nuit. Le mode confort des yeux filtre les lumières bleues pour protéger vos yeux et vous offre des conditions de lecture optimales. Votre fatigue oculaire est moins importante, et votre cycle de sommeil est plus naturel.', '2021-03-13', '1849', 1, '5673', 'false', '0', '', null, 'false', 'huawei-media-pad-t3-10', '', '---', '0', 'false', '', '2021-04-13', '2021-04-13', 1, '0', 1, '', '', null, 11, 'ShortDescription', 1, '2031-03-14', 0, 0, '2031-03-13'),
( '33', 'Huawei Media Pad T5 10', N'Le HUAWEI Mediapad T5 embarque un superbe écran de 10,1", doté d’une résolution de 1920 x 1080p et d’un format 16:10. Pour une expérience incroyable lorsque vous regardez un film, une émission, ou lorsque vous surfez sur le web.
Le processeur octa-core dispose dispose d’une fréquence allant jusqu’à 2,36 GHz. Pour des performances époustouflantes et une consommation d’énergie moindre. La mémoire peut être facilement étendue – jusqu’à 256 Go – grâce à un port microSD dédié.', '2021-03-13', '2299', 1, '9569', 'false', '0', '', null, 'false', 'huawei-media-pad-t5-10', '', '---', '0', 'false', '', '2021-04-13', '2021-04-13', 1, '0', 1, '', '', null, 11, 'ShortDescription', 1, '2031-03-14', 0, 0, '2031-03-13'),
( '34', 'Huawei MatePad T 8', N'Avec ses bords ultra-fins de 4.9 mm et son ratio corps / écran de 80%, la HUAWEI MatePad T 8 élargit votre champ de visionnage pour un divertissement immersif. La tablette parfaite pour regarder vos films favoris et lire en numérique lors de vos déplacements.                                                     Cette tablette dispose d`une puissante batterie de 5100 mAh lui conférant une grande autonomie. Avec une seule charge, profitez de 12 heures de lecture vidéo locale et de 12 heures de navigation Internet.', '2021-03-13', '1299', 1, '4621', 'false', '0', '', null, 'false', 'huawei-matepad-t-8', '', '---', '0', 'false', '', '2021-04-13', '2021-04-13', 1, '0', 1, '', '', null, 11, 'ShortDescription', 1, '2031-03-14', 0, 0, '2031-03-13'),
( '35', 'Huawei MedPad T3 7 3G', N'Ecran 7,0"
RAM 1 Go 
ROM 16 Go
2M/2MP
Batterie 4100 mAh 
3G', '2021-03-13', '1049', 1, '8714', 'false', '0', '', null, 'false', 'huawei-medpad-t3-7-3g', '', '---', '0', 'false', '', '2021-04-13', '2021-04-13', 1, '0', 1, '', '', null, 11, 'ShortDescription', 1, '2031-03-14', 0, 0, '2031-03-13'),
( '36', 'Huawei MedPad T3 8', N'Ecran 8,0"
RAM 2 Go 
ROM 16 Go
2M/5MP
Batterie 4800 mAh 
4G - Wi-Fi', '2021-03-13', '1399', 1, '9133', 'false', '0', '', null, 'false', 'huawei-medpad-t3-8', '', '---', '0', 'false', '', '2021-04-13', '2021-04-13', 1, '0', 1, '', '', null, 11, 'ShortDescription', 1, '2031-03-14', 0, 0, '2031-03-13'),
( '37', 'HUAWEI Mate PadPro 10.8', N'Ecran 10.8"
RAM 8 Go 
ROM 256 Go
13M/8MP
Batterie 7250 mAh Fast charging 40W
4G - Wi-Fi', '2021-03-13', '6999', 1, '9485', 'false', '0', '', null, 'false', 'huawei-mate-padpro-10.8', '', '---', '0', 'false', '', '2021-04-13', '2021-04-13', 1, '0', 1, '', '', null, 11, 'ShortDescription', 1, '2031-03-14', 0, 0, '2031-03-13');

SET IDENTITY_INSERT Products OFF
GO
-->>>>>>>>>’>>>>>>>>>>>>>>>>>>>>>>>>>>>>>>>>>>>>>>>>>>>

INSERT INTO TagProducts (tagId ,productId) values
(28, 4),
(28, 5),
(28, 6),
(28, 7),
(28, 8),
(28, 12),
(28, 13),
(28, 24),
(28, 25),
(28, 26),
(28, 27),
(28, 28),
(28, 29),
(28, 30),
(28, 32),
(28, 33),
(28, 36),
(28, 37);

GO
INSERT INTO ProductCategories (CategoriesId ,productsId) values
(48, 1),
(52, 1),
(48, 2),
(52, 2),
(48, 3),
(53, 3),
(48, 4),
(54, 4),
(48, 5),
(55, 5),
(48, 6),
(52, 6),
(48, 7),
(53, 7),
(48, 8),
(53, 8),
(48, 9),
(53, 9),
(48, 10),
(53, 10),
(48, 11),
(53, 11),
(48, 12),
(48, 13),
(48, 14),
(56, 14),
(48, 15),
(57, 15),
(48, 16),
(57, 16),
(48, 17),
(57, 17),
(48, 18),
(57, 18),
(48, 19),
(56, 19),
(48, 20),
(57, 20),
(48, 21),
(56, 21),
(48, 22),
(92, 22),
(48, 23),
(56, 23),
(48, 24),
(56, 24),
(48, 25),
(56, 25),
(48, 26),
(57, 26),
(48, 27),
(57, 27),
(48, 28),
(57, 28),
(48, 29),
(57, 29),
(48, 30),
(48, 31),
(56, 31),
(48, 32),
(48, 33),
(48, 34),
(48, 35),
(48, 36),
(48, 37);
